{
    "rigToUse": 0,
    "targetFrameRate": 120,
    "reprojectionSettings": 0,
    "nativeShaderToUse": 0,
    "myOffsets": {
        "TranslationEyeToLeapMotion": {
            "x": -0.00044058263301849365,
            "y": 0.06373178958892822,
            "z": 0.0827227458357811
        },
        "RotationEyeToLeapMotion": {
            "x": 0.05043821036815643,
            "y": 0.01936827413737774,
            "z": -0.009426863864064217,
            "w": 0.9984948635101318
        },
        "TranslationFromTracker": {
            "x": 0.0,
            "y": 0.0,
            "z": 0.0
        },
        "RotationFromTracker": {
            "x": 0.0,
            "y": 0.0,
            "z": 0.0,
            "w": 1.0
        },
        "RGBSensorTranslationFromTracker": {
            "x": 0.0010000000474974514,
            "y": -0.0017000000225380064,
            "z": -0.050999999046325687
        },
        "RGBSensorRotationFromTracker": {
            "x": 0.3269999921321869,
            "y": 0.0560000017285347,
            "z": 0.05000000074505806,
            "w": 0.9419999718666077
        }
    },
    "v2CalibrationValues": {
        "left_uv_to_rect_x": [
            -0.7357094883918762,
            1.3000164031982422,
            -0.6256510019302368,
            0.3090541362762451,
            0.027033545076847078,
            0.0680801197886467,
            0.5532798767089844,
            -0.40978559851646426,
            0.0004796877037733793,
            0.058338914066553119,
            -0.696784257888794,
            0.5741339325904846,
            -0.15279555320739747,
            0.6358659863471985,
            -0.56451016664505,
            0.2592040002346039
        ],
        "left_uv_to_rect_y": [
            -0.4621477723121643,
            0.272142618894577,
            -0.44256654381752016,
            0.059028685092926028,
            1.0695757865905762,
            -0.6329132318496704,
            1.2355217933654786,
            -0.7890701293945313,
            -0.3668654263019562,
            0.8069177269935608,
            -2.531022310256958,
            1.8865079879760743,
            0.3614586591720581,
            -0.7509884834289551,
            1.9082142114639283,
            -1.372378945350647
        ],
        "right_uv_to_rect_x": [
            -0.766417384147644,
            1.9289551973342896,
            -1.315369963645935,
            0.7800747156143189,
            0.3090938925743103,
            -1.9927492141723633,
            2.837975263595581,
            -1.799891471862793,
            -0.43200892210006716,
            2.29049015045166,
            -3.4696624279022219,
            2.1101436614990236,
            0.15960434079170228,
            -0.9324711561203003,
            1.39021897315979,
            -0.8180041909217835
        ],
        "right_uv_to_rect_y": [
            -0.41636526584625246,
            0.21731233596801759,
            -0.2008449286222458,
            0.3085399568080902,
            1.3158560991287232,
            -1.467322587966919,
            2.7058048248291017,
            -1.706917405128479,
            -0.663124680519104,
            2.1242282390594484,
            -5.043806076049805,
            3.4497687816619875,
            0.41099071502685549,
            -1.2949235439300538,
            3.1903297901153566,
            -2.1611387729644777
        ],
        "left_eye_offset": [
            0.0,
            0.0
        ],
        "right_eye_offset": [
            0.0,
            0.0
        ]
    },
    "v1CalibrationValues": {
        "leftEye": {
            "ellipseMinorAxis": 0.24494899809360505,
            "ellipseMajorAxis": 0.3099985122680664,
            "screenForward": {
                "x": 0.5140379071235657,
                "y": -0.2891080379486084,
                "z": 0.8075775504112244
            },
            "screenPosition": {
                "x": -0.07188151031732559,
                "y": -0.008429261855781079,
                "z": 0.026248455047607423
            },
            "eyePosition": {
                "x": -0.029943088069558145,
                "y": -0.003366167191416025,
                "z": -0.00427968380972743
            },
            "eyeRotation": {
                "x": 7.395533370627759e-32,
                "y": 1.7763568394002506e-15,
                "z": 1.1241009818395605e-14,
                "w": 1.0
            },
            "cameraProjection": {
                "x": -0.699999988079071,
                "y": 0.699999988079071,
                "z": 0.30000001192092898,
                "w": -1.399999976158142
            },
            "sphereToWorldSpace": {
                "e00": 0.05101080238819122,
                "e01": 0.06071346998214722,
                "e02": 0.29330453276634219,
                "e03": -0.11233785003423691,
                "e10": 0.0,
                "e11": 0.23695310950279237,
                "e12": -0.07855913043022156,
                "e13": 0.026850363239645959,
                "e20": -0.23957861959934236,
                "e21": 0.012927045114338398,
                "e22": 0.062450066208839419,
                "e23": -0.046845193952322009,
                "e30": 0.0,
                "e31": 0.0,
                "e32": 0.0,
                "e33": 1.0
            },
            "worldToScreenSpace": {
                "e00": 1.8454549312591553,
                "e01": 14.493172645568848,
                "e02": 4.013805866241455,
                "e03": 0.14946463704109193,
                "e10": -14.294207572937012,
                "e11": -0.6365562677383423,
                "e12": 8.87063980102539,
                "e13": -1.265695571899414,
                "e20": 0.5140379071235657,
                "e21": -0.2891080975532532,
                "e22": 0.8075775504112244,
                "e23": 0.013315193355083466,
                "e30": 0.0,
                "e31": 0.0,
                "e32": 0.0,
                "e33": 1.0
            }
        },
        "rightEye": {
            "ellipseMinorAxis": 0.24494899809360505,
            "ellipseMajorAxis": 0.3099985122680664,
            "screenForward": {
                "x": -0.42177313566207888,
                "y": -0.18166834115982057,
                "z": 0.8883152604103088
            },
            "screenPosition": {
                "x": 0.07054391503334046,
                "y": -0.009491059929132462,
                "z": 0.028982438147068025
            },
            "eyePosition": {
                "x": 0.029943088069558145,
                "y": -0.003366167191416025,
                "z": -0.00427968380972743
            },
            "eyeRotation": {
                "x": 7.395533370627759e-32,
                "y": 1.7763568394002506e-15,
                "z": 1.1241009818395605e-14,
                "w": 1.0
            },
            "cameraProjection": {
                "x": -0.699999988079071,
                "y": 0.699999988079071,
                "z": 0.30000001192092898,
                "w": -1.399999976158142
            },
            "sphereToWorldSpace": {
                "e00": 0.05101081356406212,
                "e01": -0.060713451355695727,
                "e02": -0.29330453276634219,
                "e03": 0.11538401991128922,
                "e10": 0.0,
                "e11": 0.23695312440395356,
                "e12": -0.07855910062789917,
                "e13": 0.025588704273104669,
                "e20": 0.23957861959934236,
                "e21": 0.0129270413890481,
                "e22": 0.062450066208839419,
                "e23": -0.04654233157634735,
                "e30": 0.0,
                "e31": 0.0,
                "e32": 0.0,
                "e33": 1.0
            },
            "worldToScreenSpace": {
                "e00": -1.1463184356689454,
                "e01": 14.899345397949219,
                "e02": 2.502774715423584,
                "e03": 0.1497398465871811,
                "e10": -15.211103439331055,